<?xml version="1.0" encoding="UTF-8"?>
<RoomImages>
  <RoomType Name="LivingRoom">
    <!--<RoomImage Name="LivingRoom_RB01">
      <IsAngledRoom>True</IsAngledRoom>
      <RoomAngle>30</RoomAngle>
      <URL>images/dfle/1/Rebrand/LivingRoom/med_LivingRoom_RB01b.jpg</URL>
      <ThumbnailURL>images/dfle/1/Rebrand/LivingRoom/thumb_LivingRoom_RB01.jpg</ThumbnailURL>
      <Width>600</Width>
      <Height>600</Height>
      <UsableAreaWidth>600</UsableAreaWidth>
      <UsableAreaHeight>600</UsableAreaHeight>
      <UsableAreaPosY>0</UsableAreaPosY>
      <UsableAreaPosX>0</UsableAreaPosX>
      <ProductTargetAreaPosY>250</ProductTargetAreaPosY>
      <WallAreaWidth>600</WallAreaWidth>
      <WallAreaHeight>600</WallAreaHeight>
      <WallAreaWidthInches>142</WallAreaWidthInches>
      <WallAreaHeightInches>142</WallAreaHeightInches>
      <InchesConversionRate>4.222</InchesConversionRate>
    </RoomImage>-->
    <RoomImage Name="LivingRoom_RB01b">
      <IsAngledRoom>True</IsAngledRoom>
      <RoomAngle>30</RoomAngle>
      <URL>images/dfle/1/Rebrand/LivingRoom/med_LivingRoom_RB01b.jpg</URL>
      <ThumbnailURL>images/dfle/1/Rebrand/LivingRoom/thumb_LivingRoom_RB01.jpg</ThumbnailURL>
      <Width>600</Width>
      <Height>600</Height>
      <UsableAreaWidth>600</UsableAreaWidth>
      <UsableAreaHeight>600</UsableAreaHeight>
      <UsableAreaPosY>0</UsableAreaPosY>
      <UsableAreaPosX>0</UsableAreaPosX>
      <ProductTargetAreaPosY>300</ProductTargetAreaPosY>
      <WallAreaWidth>600</WallAreaWidth>
      <WallAreaHeight>600</WallAreaHeight>
      <WallAreaWidthInches>103</WallAreaWidthInches>
      <WallAreaHeightInches>103</WallAreaHeightInches>
      <InchesConversionRate>5.797</InchesConversionRate>
    </RoomImage>
    <!--<RoomImage Name="LivingRoom_RB01c">
      <IsAngledRoom>True</IsAngledRoom>
      <RoomAngle>30</RoomAngle>
      <URL>images/dfle/1/Rebrand/LivingRoom/med_LivingRoom_RB01b.jpg</URL>
      <ThumbnailURL>images/dfle/1/Rebrand/LivingRoom/thumb_LivingRoom_RB01.jpg</ThumbnailURL>
      <Width>600</Width>
      <Height>600</Height>
      <UsableAreaWidth>600</UsableAreaWidth>
      <UsableAreaHeight>600</UsableAreaHeight>
      <UsableAreaPosY>0</UsableAreaPosY>
      <UsableAreaPosX>0</UsableAreaPosX>
      <ProductTargetAreaPosY>250</ProductTargetAreaPosY>
      <WallAreaWidth>600</WallAreaWidth>
      <WallAreaHeight>600</WallAreaHeight>
      <WallAreaWidthInches>117</WallAreaWidthInches>
      <WallAreaHeightInches>117</WallAreaHeightInches>
      <InchesConversionRate>5.107</InchesConversionRate>
    </RoomImage>-->
    <RoomImage Name="LivingRoom_01">
      <IsAngledRoom>True</IsAngledRoom>
      <RoomAngle>30</RoomAngle>
      <URL>images/dfle/1/LifeStyle1/LivingRoom/LivingRoom_01.jpg</URL>
      <ThumbnailURL>images/dfle/1/LifeStyle1/LivingRoom/thmb_LivingRoom_01.jpg</ThumbnailURL>
      <Width>462</Width>
      <Height>611</Height>
      <UsableAreaWidth>276</UsableAreaWidth>
      <UsableAreaHeight>279</UsableAreaHeight>
      <UsableAreaPosY>8</UsableAreaPosY>
      <UsableAreaPosX>210</UsableAreaPosX>
      <ProductTargetAreaPosY>185</ProductTargetAreaPosY>
      <WallAreaWidth>462</WallAreaWidth>
      <WallAreaHeight>460</WallAreaHeight>
      <WallAreaWidthInches>102</WallAreaWidthInches>
      <WallAreaHeightInches>102</WallAreaHeightInches>
      <InchesConversionRate>4.51</InchesConversionRate>
    </RoomImage>
    <RoomImage Name="LivingRoom_02">
      <IsAngledRoom>True</IsAngledRoom>
      <RoomAngle>30</RoomAngle>
      <URL>images/dfle/1/LifeStyle1/LivingRoom/LivingRoom_02.jpg</URL>
      <ThumbnailURL>images/dfle/1/LifeStyle1/LivingRoom/thmb_LivingRoom_02.jpg</ThumbnailURL>
      <Width>462</Width>
      <Height>611</Height>
      <UsableAreaWidth>447</UsableAreaWidth>
      <UsableAreaHeight>309</UsableAreaHeight>
      <UsableAreaPosY>8</UsableAreaPosY>
      <UsableAreaPosX>112</UsableAreaPosX>
      <ProductTargetAreaPosY>240</ProductTargetAreaPosY>
      <WallAreaWidth>462</WallAreaWidth>
      <WallAreaHeight>546</WallAreaHeight>
      <WallAreaWidthInches>70</WallAreaWidthInches>
      <WallAreaHeightInches>89</WallAreaHeightInches>
      <InchesConversionRate>6.59</InchesConversionRate>
    </RoomImage>
    <RoomImage Name="LivingRoom_03">
      <IsAngledRoom>True</IsAngledRoom>
      <RoomAngle>30</RoomAngle>
      <URL>images/dfle/1/LifeStyle1/LivingRoom/LivingRoom_03.jpg</URL>
      <ThumbnailURL>images/dfle/1/LifeStyle1/LivingRoom/thmb_LivingRoom_03.jpg</ThumbnailURL>
      <Width>462</Width>
      <Height>611</Height>
      <UsableAreaWidth>446</UsableAreaWidth>
      <UsableAreaHeight>316</UsableAreaHeight>
      <UsableAreaPosY>44</UsableAreaPosY>
      <UsableAreaPosX>112</UsableAreaPosX>
      <ProductTargetAreaPosY>270</ProductTargetAreaPosY>
      <WallAreaWidth>462</WallAreaWidth>
      <WallAreaHeight>578</WallAreaHeight>
      <WallAreaWidthInches>74</WallAreaWidthInches>
      <WallAreaHeightInches>92.5</WallAreaHeightInches>
      <InchesConversionRate>6.24</InchesConversionRate>
    </RoomImage>
    <RoomImage Name="LivingRoom_04">
      <IsAngledRoom>True</IsAngledRoom>
      <RoomAngle>30</RoomAngle>
      <URL>images/dfle/1/LifeStyle1/LivingRoom/LivingRoom_04.jpg</URL>
      <ThumbnailURL>images/dfle/1/LifeStyle1/LivingRoom/thmb_LivingRoom_04.jpg</ThumbnailURL>
      <Width>673</Width>
      <Height>611</Height>
      <UsableAreaWidth>398</UsableAreaWidth>
      <UsableAreaHeight>319</UsableAreaHeight>
      <UsableAreaPosY>8</UsableAreaPosY>
      <UsableAreaPosX>137</UsableAreaPosX>
      <ProductTargetAreaPosY>237</ProductTargetAreaPosY>
      <WallAreaWidth>611</WallAreaWidth>
      <WallAreaHeight>603</WallAreaHeight>
      <WallAreaWidthInches>73</WallAreaWidthInches>
      <WallAreaHeightInches>72</WallAreaHeightInches>
      <InchesConversionRate>8.38</InchesConversionRate>
    </RoomImage>
    <RoomImage Name="LivingRoom_05">
      <IsAngledRoom>True</IsAngledRoom>
      <RoomAngle>30</RoomAngle>
      <URL>images/dfle/1/LifeStyle1/LivingRoom/LivingRoom_05.jpg</URL>
      <ThumbnailURL>images/dfle/1/LifeStyle1/LivingRoom/thmb_LivingRoom_05.jpg</ThumbnailURL>
      <Width>462</Width>
      <Height>611</Height>
      <UsableAreaWidth>316</UsableAreaWidth>
      <UsableAreaHeight>293</UsableAreaHeight>
      <UsableAreaPosY>8</UsableAreaPosY>
      <UsableAreaPosX>182</UsableAreaPosX>
      <ProductTargetAreaPosY>215</ProductTargetAreaPosY>
      <WallAreaWidth>462</WallAreaWidth>
      <WallAreaHeight>481</WallAreaHeight>
      <WallAreaWidthInches>76</WallAreaWidthInches>
      <WallAreaHeightInches>79</WallAreaHeightInches>
      <InchesConversionRate>6.07</InchesConversionRate>
    </RoomImage>
    <RoomImage Name="LivingRoom_06">
      <IsAngledRoom>True</IsAngledRoom>
      <RoomAngle>30</RoomAngle>
      <URL>images/dfle/1/LifeStyle1/LivingRoom/LivingRoom_06.jpg</URL>
      <ThumbnailURL>images/dfle/1/LifeStyle1/LivingRoom/thmb_LivingRoom_06.jpg</ThumbnailURL>
      <Width>462</Width>
      <Height>611</Height>
      <UsableAreaWidth>446</UsableAreaWidth>
      <UsableAreaHeight>344</UsableAreaHeight>
      <UsableAreaPosY>8</UsableAreaPosY>
      <UsableAreaPosX>113</UsableAreaPosX>
      <ProductTargetAreaPosY>250</ProductTargetAreaPosY>
      <WallAreaWidth>462</WallAreaWidth>
      <WallAreaHeight>554</WallAreaHeight>
      <WallAreaWidthInches>67.5</WallAreaWidthInches>
      <WallAreaHeightInches>81</WallAreaHeightInches>
      <InchesConversionRate>6.85</InchesConversionRate>
    </RoomImage>
    <RoomImage Name="LivingRoom_07">
      <IsAngledRoom>True</IsAngledRoom>
      <RoomAngle>30</RoomAngle>
      <URL>images/dfle/1/LifeStyle1/LivingRoom/LivingRoom_07.jpg</URL>
      <ThumbnailURL>images/dfle/1/LifeStyle1/LivingRoom/thmb_LivingRoom_07.jpg</ThumbnailURL>
      <Width>673</Width>
      <Height>611</Height>
      <UsableAreaWidth>357</UsableAreaWidth>
      <UsableAreaHeight>240</UsableAreaHeight>
      <UsableAreaPosY>68</UsableAreaPosY>
      <UsableAreaPosX>168</UsableAreaPosX>
      <ProductTargetAreaPosY>180</ProductTargetAreaPosY>
      <WallAreaWidth>673</WallAreaWidth>
      <WallAreaHeight>524</WallAreaHeight>
      <WallAreaWidthInches>115</WallAreaWidthInches>
      <WallAreaHeightInches>89.5</WallAreaHeightInches>
      <InchesConversionRate>5.85</InchesConversionRate>
    </RoomImage>
    <RoomImage Name="LivingRoom_08">
      <IsAngledRoom>True</IsAngledRoom>
      <RoomAngle>30</RoomAngle>
      <URL>images/dfle/1/LifeStyle1/LivingRoom/LivingRoom_08.jpg</URL>
      <ThumbnailURL>images/dfle/1/LifeStyle1/LivingRoom/thmb_LivingRoom_08.jpg</ThumbnailURL>
      <Width>462</Width>
      <Height>611</Height>
      <UsableAreaWidth>430</UsableAreaWidth>
      <UsableAreaHeight>252</UsableAreaHeight>
      <UsableAreaPosY>8</UsableAreaPosY>
      <UsableAreaPosX>128</UsableAreaPosX>
      <ProductTargetAreaPosY>180</ProductTargetAreaPosY>
      <WallAreaWidth>462</WallAreaWidth>
      <WallAreaHeight>470</WallAreaHeight>
      <WallAreaWidthInches>81</WallAreaWidthInches>
      <WallAreaHeightInches>83</WallAreaHeightInches>
      <InchesConversionRate>5.68</InchesConversionRate>
    </RoomImage>
    <RoomImage Name="LivingRoom_09">
      <IsAngledRoom>True</IsAngledRoom>
      <RoomAngle>30</RoomAngle>
      <URL>images/dfle/1/LifeStyle1/LivingRoom/LivingRoom_09.jpg</URL>
      <ThumbnailURL>images/dfle/1/LifeStyle1/LivingRoom/thmb_LivingRoom_09.jpg</ThumbnailURL>
      <Width>673</Width>
      <Height>611</Height>
      <UsableAreaWidth>657</UsableAreaWidth>
      <UsableAreaHeight>376</UsableAreaHeight>
      <UsableAreaPosY>8</UsableAreaPosY>
      <UsableAreaPosX>8</UsableAreaPosX>
      <ProductTargetAreaPosY>260</ProductTargetAreaPosY>
      <WallAreaWidth>673</WallAreaWidth>
      <WallAreaHeight>611</WallAreaHeight>
      <WallAreaWidthInches>83</WallAreaWidthInches>
      <WallAreaHeightInches>75</WallAreaHeightInches>
      <InchesConversionRate>8.12</InchesConversionRate>
    </RoomImage>
    <RoomImage Name="LivingRoom_010">
      <IsAngledRoom>True</IsAngledRoom>
      <RoomAngle>30</RoomAngle>
      <URL>images/dfle/1/LifeStyle1/LivingRoom/LivingRoom_010.jpg</URL>
      <ThumbnailURL>images/dfle/1/LifeStyle1/LivingRoom/thmb_LivingRoom_010.jpg</ThumbnailURL>
      <Width>462</Width>
      <Height>611</Height>
      <UsableAreaWidth>394</UsableAreaWidth>
      <UsableAreaHeight>251</UsableAreaHeight>
      <UsableAreaPosY>74</UsableAreaPosY>
      <UsableAreaPosX>147</UsableAreaPosX>
      <ProductTargetAreaPosY>235</ProductTargetAreaPosY>
      <WallAreaWidth>462</WallAreaWidth>
      <WallAreaHeight>533</WallAreaHeight>
      <WallAreaWidthInches>85</WallAreaWidthInches>
      <WallAreaHeightInches>98</WallAreaHeightInches>
      <InchesConversionRate>5.45</InchesConversionRate>
    </RoomImage>
    <RoomImage Name="LivingRoom_011">
      <IsAngledRoom>True</IsAngledRoom>
      <RoomAngle>30</RoomAngle>
      <URL>images/dfle/1/LifeStyle1/LivingRoom/LivingRoom_011.jpg</URL>
      <ThumbnailURL>images/dfle/1/LifeStyle1/LivingRoom/thmb_LivingRoom_011.jpg</ThumbnailURL>
      <Width>462</Width>
      <Height>611</Height>
      <UsableAreaWidth>304</UsableAreaWidth>
      <UsableAreaHeight>256</UsableAreaHeight>
      <UsableAreaPosY>8</UsableAreaPosY>
      <UsableAreaPosX>193</UsableAreaPosX>
      <ProductTargetAreaPosY>193</ProductTargetAreaPosY>
      <WallAreaWidth>462</WallAreaWidth>
      <WallAreaHeight>611</WallAreaHeight>
      <WallAreaWidthInches>83</WallAreaWidthInches>
      <WallAreaHeightInches>109.5</WallAreaHeightInches>
      <InchesConversionRate>5.58</InchesConversionRate>
    </RoomImage>
    <RoomImage Name="LivingRoom_012">
      <IsAngledRoom>True</IsAngledRoom>
      <RoomAngle>30</RoomAngle>
      <URL>images/dfle/1/LifeStyle1/LivingRoom/LivingRoom_012.jpg</URL>
      <ThumbnailURL>images/dfle/1/LifeStyle1/LivingRoom/thmb_LivingRoom_012.jpg</ThumbnailURL>
      <Width>673</Width>
      <Height>611</Height>
      <UsableAreaWidth>428</UsableAreaWidth>
      <UsableAreaHeight>283</UsableAreaHeight>
      <UsableAreaPosY>8</UsableAreaPosY>
      <UsableAreaPosX>136</UsableAreaPosX>
      <ProductTargetAreaPosY>171</ProductTargetAreaPosY>
      <WallAreaWidth>673</WallAreaWidth>
      <WallAreaHeight>611</WallAreaHeight>
      <WallAreaWidthInches>80</WallAreaWidthInches>
      <WallAreaHeightInches>73</WallAreaHeightInches>
      <InchesConversionRate>8.38</InchesConversionRate>
    </RoomImage>
    <RoomImage Name="LivingRoom_013">
      <IsAngledRoom>True</IsAngledRoom>
      <RoomAngle>30</RoomAngle>
      <URL>images/dfle/1/LifeStyle1/LivingRoom/LivingRoom_013.jpg</URL>
      <ThumbnailURL>images/dfle/1/LifeStyle1/LivingRoom/thmb_LivingRoom_013.jpg</ThumbnailURL>
      <Width>462</Width>
      <Height>611</Height>
      <UsableAreaWidth>446</UsableAreaWidth>
      <UsableAreaHeight>278</UsableAreaHeight>
      <UsableAreaPosY>8</UsableAreaPosY>
      <UsableAreaPosX>112</UsableAreaPosX>
      <ProductTargetAreaPosY>157</ProductTargetAreaPosY>
      <WallAreaWidth>462</WallAreaWidth>
      <WallAreaHeight>557</WallAreaHeight>
      <WallAreaWidthInches>73.5</WallAreaWidthInches>
      <WallAreaHeightInches>88.5</WallAreaHeightInches>
      <InchesConversionRate>6.28</InchesConversionRate>
    </RoomImage>
    <RoomImage Name="LivingRoom_014">
      <IsAngledRoom>True</IsAngledRoom>
      <RoomAngle>30</RoomAngle>
      <URL>images/dfle/1/LifeStyle1/LivingRoom/LivingRoom_014.jpg</URL>
      <ThumbnailURL>images/dfle/1/LifeStyle1/LivingRoom/thmb_LivingRoom_014.jpg</ThumbnailURL>
      <Width>462</Width>
      <Height>611</Height>
      <UsableAreaWidth>446</UsableAreaWidth>
      <UsableAreaHeight>241</UsableAreaHeight>
      <UsableAreaPosY>8</UsableAreaPosY>
      <UsableAreaPosX>112</UsableAreaPosX>
      <ProductTargetAreaPosY>193</ProductTargetAreaPosY>
      <WallAreaWidth>462</WallAreaWidth>
      <WallAreaHeight>582</WallAreaHeight>
      <WallAreaWidthInches>83</WallAreaWidthInches>
      <WallAreaHeightInches>104</WallAreaHeightInches>
      <InchesConversionRate>5.57</InchesConversionRate>
    </RoomImage>
    <RoomImage Name="LivingRoom_015">
      <IsAngledRoom>True</IsAngledRoom>
      <RoomAngle>30</RoomAngle>
      <URL>images/dfle/1/LifeStyle1/LivingRoom/LivingRoom_015.jpg</URL>
      <ThumbnailURL>images/dfle/1/LifeStyle1/LivingRoom/thmb_LivingRoom_015.jpg</ThumbnailURL>
      <Width>462</Width>
      <Height>611</Height>
      <UsableAreaWidth>398</UsableAreaWidth>
      <UsableAreaHeight>266</UsableAreaHeight>
      <UsableAreaPosY>8</UsableAreaPosY>
      <UsableAreaPosX>136</UsableAreaPosX>
      <ProductTargetAreaPosY>177</ProductTargetAreaPosY>
      <WallAreaWidth>462</WallAreaWidth>
      <WallAreaHeight>514</WallAreaHeight>
      <WallAreaWidthInches>79</WallAreaWidthInches>
      <WallAreaHeightInches>87.5</WallAreaHeightInches>
      <InchesConversionRate>5.87</InchesConversionRate>
    </RoomImage>
    <RoomImage Name="LivingRoom_016">
      <IsAngledRoom>True</IsAngledRoom>
      <RoomAngle>30</RoomAngle>
      <URL>images/dfle/1/LifeStyle1/LivingRoom/LivingRoom_016.jpg</URL>
      <ThumbnailURL>images/dfle/1/LifeStyle1/LivingRoom/thmb_LivingRoom_016.jpg</ThumbnailURL>
      <Width>462</Width>
      <Height>611</Height>
      <UsableAreaWidth>268</UsableAreaWidth>
      <UsableAreaHeight>258</UsableAreaHeight>
      <UsableAreaPosY>8</UsableAreaPosY>
      <UsableAreaPosX>203</UsableAreaPosX>
      <ProductTargetAreaPosY>172</ProductTargetAreaPosY>
      <WallAreaWidth>462</WallAreaWidth>
      <WallAreaHeight>470</WallAreaHeight>
      <WallAreaWidthInches>62</WallAreaWidthInches>
      <WallAreaHeightInches>63</WallAreaHeightInches>
      <InchesConversionRate>7.46</InchesConversionRate>
    </RoomImage>
    <RoomImage Name="LivingRoom_3D">
      <IsAngledRoom>True</IsAngledRoom>
      <RoomAngle>30</RoomAngle>
      <URL>images/dfle/1/LifeStyle1/LivingRoom/LivingRoom_3D.jpg</URL>
      <ThumbnailURL>images/dfle/1/LifeStyle1/LivingRoom/thmb_LivingRoom_3D.jpg</ThumbnailURL>
      <Width>673</Width>
      <Height>611</Height>
      <UsableAreaWidth>6540</UsableAreaWidth>
      <UsableAreaHeight>2390</UsableAreaHeight>
      <UsableAreaPosY>37</UsableAreaPosY>
      <UsableAreaPosX>8</UsableAreaPosX>
      <ProductTargetAreaPosY>187</ProductTargetAreaPosY>
      <WallAreaWidth>673</WallAreaWidth>
      <WallAreaHeight>465</WallAreaHeight>
      <WallAreaWidthInches>166</WallAreaWidthInches>
      <WallAreaHeightInches>115</WallAreaHeightInches>
      <InchesConversionRate>4.04</InchesConversionRate>
    </RoomImage>
  </RoomType>
  <RoomType Name="BedRoom">
    <RoomImage Name="Bedroom_01">
      <IsAngledRoom>True</IsAngledRoom>
      <RoomAngle>30</RoomAngle>
      <URL>images/dfle/1/LifeStyle1/Bedroom/Bedroom_01.jpg</URL>
      <ThumbnailURL>images/dfle/1/LifeStyle1/Bedroom/thmb_Bedroom_01.jpg</ThumbnailURL>
      <Width>673</Width>
      <Height>611</Height>
      <UsableAreaWidth>341</UsableAreaWidth>
      <UsableAreaHeight>230</UsableAreaHeight>
      <UsableAreaPosY>68</UsableAreaPosY>
      <UsableAreaPosX>167</UsableAreaPosX>
      <ProductTargetAreaPosY>148</ProductTargetAreaPosY>
      <WallAreaWidth>673</WallAreaWidth>
      <WallAreaHeight>476</WallAreaHeight>
      <WallAreaWidthInches>113.5</WallAreaWidthInches>
      <WallAreaHeightInches>84</WallAreaHeightInches>
      <InchesConversionRate>5.68</InchesConversionRate>
    </RoomImage>
    <RoomImage Name="Bedroom_02">
      <IsAngledRoom>True</IsAngledRoom>
      <RoomAngle>30</RoomAngle>
      <URL>images/dfle/1/LifeStyle1/Bedroom/Bedroom_02.jpg</URL>
      <ThumbnailURL>images/dfle/1/LifeStyle1/Bedroom/thmb_Bedroom_02.jpg</ThumbnailURL>
      <Width>462</Width>
      <Height>611</Height>
      <UsableAreaWidth>279</UsableAreaWidth>
      <UsableAreaHeight>186</UsableAreaHeight>
      <UsableAreaPosY>73</UsableAreaPosY>
      <UsableAreaPosX>220</UsableAreaPosX>
      <ProductTargetAreaPosY>127</ProductTargetAreaPosY>
      <WallAreaWidth>462</WallAreaWidth>
      <WallAreaHeight>523</WallAreaHeight>
      <WallAreaWidthInches>96</WallAreaWidthInches>
      <WallAreaHeightInches>109</WallAreaHeightInches>
      <InchesConversionRate>4.81</InchesConversionRate>
    </RoomImage>
    <RoomImage Name="Bedroom_03">
      <IsAngledRoom>True</IsAngledRoom>
      <RoomAngle>30</RoomAngle>
      <URL>images/dfle/1/LifeStyle1/Bedroom/Bedroom_03.jpg</URL>
      <ThumbnailURL>images/dfle/1/LifeStyle1/Bedroom/thmb_Bedroom_03.jpg</ThumbnailURL>
      <Width>673</Width>
      <Height>611</Height>
      <UsableAreaWidth>417</UsableAreaWidth>
      <UsableAreaHeight>215</UsableAreaHeight>
      <UsableAreaPosY>8</UsableAreaPosY>
      <UsableAreaPosX>127</UsableAreaPosX>
      <ProductTargetAreaPosY>158</ProductTargetAreaPosY>
      <WallAreaWidth>673</WallAreaWidth>
      <WallAreaHeight>380</WallAreaHeight>
      <WallAreaWidthInches>76</WallAreaWidthInches>
      <WallAreaHeightInches>43</WallAreaHeightInches>
      <InchesConversionRate>7.35</InchesConversionRate>
    </RoomImage>
    <RoomImage Name="Bedroom_04">
      <IsAngledRoom>True</IsAngledRoom>
      <RoomAngle>30</RoomAngle>
      <URL>images/dfle/1/LifeStyle1/Bedroom/Bedroom_04.jpg</URL>
      <ThumbnailURL>images/dfle/1/LifeStyle1/Bedroom/thmb_Bedroom_04.jpg</ThumbnailURL>
      <Width>462</Width>
      <Height>611</Height>
      <UsableAreaWidth>446</UsableAreaWidth>
      <UsableAreaHeight>254</UsableAreaHeight>
      <UsableAreaPosY>8</UsableAreaPosY>
      <UsableAreaPosX>112</UsableAreaPosX>
      <ProductTargetAreaPosY>191</ProductTargetAreaPosY>
      <WallAreaWidth>462</WallAreaWidth>
      <WallAreaHeight>547</WallAreaHeight>
      <WallAreaWidthInches>76</WallAreaWidthInches>
      <WallAreaHeightInches>90.5</WallAreaHeightInches>
      <InchesConversionRate>6.05</InchesConversionRate>
    </RoomImage>
    <RoomImage Name="Bedroom_05">
      <IsAngledRoom>True</IsAngledRoom>
      <RoomAngle>30</RoomAngle>
      <URL>images/dfle/1/LifeStyle1/Bedroom/Bedroom_05.jpg</URL>
      <ThumbnailURL>images/dfle/1/LifeStyle1/Bedroom/thmb_Bedroom_05.jpg</ThumbnailURL>
      <Width>462</Width>
      <Height>611</Height>
      <UsableAreaWidth>354</UsableAreaWidth>
      <UsableAreaHeight>199</UsableAreaHeight>
      <UsableAreaPosY>106</UsableAreaPosY>
      <UsableAreaPosX>170</UsableAreaPosX>
      <ProductTargetAreaPosY>139</ProductTargetAreaPosY>
      <WallAreaWidth>462</WallAreaWidth>
      <WallAreaHeight>392</WallAreaHeight>
      <WallAreaWidthInches>91.5</WallAreaWidthInches>
      <WallAreaHeightInches>78</WallAreaHeightInches>
      <InchesConversionRate>5.05</InchesConversionRate>
    </RoomImage>
    <RoomImage Name="Bedroom_06">
      <IsAngledRoom>True</IsAngledRoom>
      <RoomAngle>30</RoomAngle>
      <URL>images/dfle/1/LifeStyle1/Bedroom/Bedroom_06.jpg</URL>
      <ThumbnailURL>images/dfle/1/LifeStyle1/Bedroom/thmb_Bedroom_06.jpg</ThumbnailURL>
      <Width>462</Width>
      <Height>611</Height>
      <UsableAreaWidth>340</UsableAreaWidth>
      <UsableAreaHeight>282</UsableAreaHeight>
      <UsableAreaPosY>8</UsableAreaPosY>
      <UsableAreaPosX>219</UsableAreaPosX>
      <ProductTargetAreaPosY>178</ProductTargetAreaPosY>
      <WallAreaWidth>357</WallAreaWidth>
      <WallAreaHeight>434</WallAreaHeight>
      <WallAreaWidthInches>59.5</WallAreaWidthInches>
      <WallAreaHeightInches>102</WallAreaHeightInches>
      <InchesConversionRate>6</InchesConversionRate>
    </RoomImage>
    <RoomImage Name="Bedroom_07">
      <IsAngledRoom>True</IsAngledRoom>
      <RoomAngle>30</RoomAngle>
      <URL>images/dfle/1/LifeStyle1/Bedroom/Bedroom_07.jpg</URL>
      <ThumbnailURL>images/dfle/1/LifeStyle1/Bedroom/thmb_Bedroom_07.jpg</ThumbnailURL>
      <Width>462</Width>
      <Height>611</Height>
      <UsableAreaWidth>284</UsableAreaWidth>
      <UsableAreaHeight>237</UsableAreaHeight>
      <UsableAreaPosY>124</UsableAreaPosY>
      <UsableAreaPosX>195</UsableAreaPosX>
      <ProductTargetAreaPosY>250</ProductTargetAreaPosY>
      <WallAreaWidth>402</WallAreaWidth>
      <WallAreaHeight>419</WallAreaHeight>
      <WallAreaWidthInches>70</WallAreaWidthInches>
      <WallAreaHeightInches>72.5</WallAreaHeightInches>
      <InchesConversionRate>5.77</InchesConversionRate>
    </RoomImage>
  </RoomType>
  <RoomType Name="EntryHall">
    <RoomImage Name="EntryHall_01">
      <IsAngledRoom>True</IsAngledRoom>
      <RoomAngle>30</RoomAngle>
      <URL>images/dfle/1/LifeStyle1/EntryHall/EntryHall_01.jpg</URL>
      <ThumbnailURL>images/dfle/1/LifeStyle1/EntryHall/thmb_EntryHall_01.jpg</ThumbnailURL>
      <Width>462</Width>
      <Height>611</Height>
      <UsableAreaWidth>401</UsableAreaWidth>
      <UsableAreaHeight>368</UsableAreaHeight>
      <UsableAreaPosY>8</UsableAreaPosY>
      <UsableAreaPosX>144</UsableAreaPosX>
      <ProductTargetAreaPosY>242</ProductTargetAreaPosY>
      <WallAreaWidth>461</WallAreaWidth>
      <WallAreaHeight>611</WallAreaHeight>
      <WallAreaWidthInches>45</WallAreaWidthInches>
      <WallAreaHeightInches>58.5</WallAreaHeightInches>
      <InchesConversionRate>10.44</InchesConversionRate>
    </RoomImage>
    <RoomImage Name="EntryHall_02">
      <IsAngledRoom>True</IsAngledRoom>
      <RoomAngle>30</RoomAngle>
      <URL>images/dfle/1/LifeStyle1/EntryHall/EntryHall_02.jpg</URL>
      <ThumbnailURL>images/dfle/1/LifeStyle1/EntryHall/thmb_EntryHall_02.jpg</ThumbnailURL>
      <Width>462</Width>
      <Height>611</Height>
      <UsableAreaWidth>351</UsableAreaWidth>
      <UsableAreaHeight>336</UsableAreaHeight>
      <UsableAreaPosY>8</UsableAreaPosY>
      <UsableAreaPosX>160</UsableAreaPosX>
      <ProductTargetAreaPosY>209</ProductTargetAreaPosY>
      <WallAreaWidth>462</WallAreaWidth>
      <WallAreaHeight>503</WallAreaHeight>
      <WallAreaWidthInches>83</WallAreaWidthInches>
      <WallAreaHeightInches>90</WallAreaHeightInches>
      <InchesConversionRate>5.59</InchesConversionRate>
    </RoomImage>
    <RoomImage Name="EntryHall_03">
      <IsAngledRoom>True</IsAngledRoom>
      <RoomAngle>30</RoomAngle>
      <URL>images/dfle/1/LifeStyle1/EntryHall/EntryHall_03.jpg</URL>
      <ThumbnailURL>images/dfle/1/LifeStyle1/EntryHall/thmb_EntryHall_03.jpg</ThumbnailURL>
      <Width>462</Width>
      <Height>611</Height>
      <UsableAreaWidth>446</UsableAreaWidth>
      <UsableAreaHeight>325</UsableAreaHeight>
      <UsableAreaPosY>8</UsableAreaPosY>
      <UsableAreaPosX>114</UsableAreaPosX>
      <ProductTargetAreaPosY>216</ProductTargetAreaPosY>
      <WallAreaWidth>462</WallAreaWidth>
      <WallAreaHeight>611</WallAreaHeight>
      <WallAreaWidthInches>93</WallAreaWidthInches>
      <WallAreaHeightInches>84</WallAreaHeightInches>
      <InchesConversionRate>7.25</InchesConversionRate>
    </RoomImage>
    <RoomImage Name="EntryHall_04">
      <IsAngledRoom>True</IsAngledRoom>
      <RoomAngle>30</RoomAngle>
      <URL>images/dfle/1/LifeStyle1/EntryHall/EntryHall_04.jpg</URL>
      <ThumbnailURL>images/dfle/1/LifeStyle1/EntryHall/thmb_EntryHall_04.jpg</ThumbnailURL>
      <Width>673</Width>
      <Height>611</Height>
      <UsableAreaWidth>656</UsableAreaWidth>
      <UsableAreaHeight>274</UsableAreaHeight>
      <UsableAreaPosY>8</UsableAreaPosY>
      <UsableAreaPosX>8</UsableAreaPosX>
      <ProductTargetAreaPosY>154</ProductTargetAreaPosY>
      <WallAreaWidth>673</WallAreaWidth>
      <WallAreaHeight>611</WallAreaHeight>
      <WallAreaWidthInches>96</WallAreaWidthInches>
      <WallAreaHeightInches>87.5</WallAreaHeightInches>
      <InchesConversionRate>6.98</InchesConversionRate>
    </RoomImage>
    <RoomImage Name="EntryHall_05">
      <IsAngledRoom>True</IsAngledRoom>
      <RoomAngle>30</RoomAngle>
      <URL>images/dfle/1/LifeStyle1/EntryHall/EntryHall_05.jpg</URL>
      <ThumbnailURL>images/dfle/1/LifeStyle1/EntryHall/thmb_EntryHall_05.jpg</ThumbnailURL>
      <Width>673</Width>
      <Height>611</Height>
      <UsableAreaWidth>553</UsableAreaWidth>
      <UsableAreaHeight>365</UsableAreaHeight>
      <UsableAreaPosY>8</UsableAreaPosY>
      <UsableAreaPosX>57</UsableAreaPosX>
      <ProductTargetAreaPosY>223</ProductTargetAreaPosY>
      <WallAreaWidth>592</WallAreaWidth>
      <WallAreaHeight>611</WallAreaHeight>
      <WallAreaWidthInches>80</WallAreaWidthInches>
      <WallAreaHeightInches>83</WallAreaHeightInches>
      <InchesConversionRate>7.39</InchesConversionRate>
    </RoomImage>
    <RoomImage Name="EntryHall_06">
      <IsAngledRoom>True</IsAngledRoom>
      <RoomAngle>30</RoomAngle>
      <URL>images/dfle/1/LifeStyle1/EntryHall/EntryHall_06.jpg</URL>
      <ThumbnailURL>images/dfle/1/LifeStyle1/EntryHall/thmb_EntryHall_06.jpg</ThumbnailURL>
      <Width>673</Width>
      <Height>611</Height>
      <UsableAreaWidth>262</UsableAreaWidth>
      <UsableAreaHeight>304</UsableAreaHeight>
      <UsableAreaPosY>8</UsableAreaPosY>
      <UsableAreaPosX>151</UsableAreaPosX>
      <ProductTargetAreaPosY>179</ProductTargetAreaPosY>
      <WallAreaWidth>673</WallAreaWidth>
      <WallAreaHeight>611</WallAreaHeight>
      <WallAreaWidthInches>67</WallAreaWidthInches>
      <WallAreaHeightInches>61</WallAreaHeightInches>
      <InchesConversionRate>10</InchesConversionRate>
    </RoomImage>
    <RoomImage Name="EntryHall_07">
      <IsAngledRoom>True</IsAngledRoom>
      <RoomAngle>30</RoomAngle>
      <URL>images/dfle/1/LifeStyle1/EntryHall/EntryHall_07.jpg</URL>
      <ThumbnailURL>images/dfle/1/LifeStyle1/EntryHall/thmb_EntryHall_07.jpg</ThumbnailURL>
      <Width>462</Width>
      <Height>611</Height>
      <UsableAreaWidth>195</UsableAreaWidth>
      <UsableAreaHeight>259</UsableAreaHeight>
      <UsableAreaPosY>8</UsableAreaPosY>
      <UsableAreaPosX>251</UsableAreaPosX>
      <ProductTargetAreaPosY>205</ProductTargetAreaPosY>
      <WallAreaWidth>462</WallAreaWidth>
      <WallAreaHeight>564</WallAreaHeight>
      <WallAreaWidthInches>77</WallAreaWidthInches>
      <WallAreaHeightInches>94.5</WallAreaHeightInches>
      <InchesConversionRate>5.97</InchesConversionRate>
    </RoomImage>
    <RoomImage Name="EntryHall_08">
      <IsAngledRoom>True</IsAngledRoom>
      <RoomAngle>30</RoomAngle>
      <URL>images/dfle/1/LifeStyle1/EntryHall/EntryHall_08.jpg</URL>
      <ThumbnailURL>images/dfle/1/LifeStyle1/EntryHall/thmb_EntryHall_08.jpg</ThumbnailURL>
      <Width>462</Width>
      <Height>611</Height>
      <UsableAreaWidth>446</UsableAreaWidth>
      <UsableAreaHeight>371</UsableAreaHeight>
      <UsableAreaPosY>8</UsableAreaPosY>
      <UsableAreaPosX>113</UsableAreaPosX>
      <ProductTargetAreaPosY>255</ProductTargetAreaPosY>
      <WallAreaWidth>462</WallAreaWidth>
      <WallAreaHeight>527</WallAreaHeight>
      <WallAreaWidthInches>83</WallAreaWidthInches>
      <WallAreaHeightInches>94</WallAreaHeightInches>
      <InchesConversionRate>5.59</InchesConversionRate>
    </RoomImage>
    <RoomImage Name="EntryHall_09">
      <IsAngledRoom>True</IsAngledRoom>
      <RoomAngle>30</RoomAngle>
      <URL>images/dfle/1/LifeStyle1/EntryHall/EntryHall_09.jpg</URL>
      <ThumbnailURL>images/dfle/1/LifeStyle1/EntryHall/thmb_EntryHall_09.jpg</ThumbnailURL>
      <Width>673</Width>
      <Height>611</Height>
      <UsableAreaWidth>433</UsableAreaWidth>
      <UsableAreaHeight>393</UsableAreaHeight>
      <UsableAreaPosY>8</UsableAreaPosY>
      <UsableAreaPosX>180</UsableAreaPosX>
      <ProductTargetAreaPosY>210</ProductTargetAreaPosY>
      <WallAreaWidth>673</WallAreaWidth>
      <WallAreaHeight>611</WallAreaHeight>
      <WallAreaWidthInches>38</WallAreaWidthInches>
      <WallAreaHeightInches>36</WallAreaHeightInches>
      <InchesConversionRate>10.9</InchesConversionRate>
    </RoomImage>
    <RoomImage Name="EntryHall_010">
      <IsAngledRoom>True</IsAngledRoom>
      <RoomAngle>30</RoomAngle>
      <URL>images/dfle/1/LifeStyle1/EntryHall/EntryHall_010.jpg</URL>
      <ThumbnailURL>images/dfle/1/LifeStyle1/EntryHall/thmb_EntryHall_010.jpg</ThumbnailURL>
      <Width>673</Width>
      <Height>611</Height>
      <UsableAreaWidth>655</UsableAreaWidth>
      <UsableAreaHeight>342</UsableAreaHeight>
      <UsableAreaPosY>13</UsableAreaPosY>
      <UsableAreaPosX>8</UsableAreaPosX>
      <ProductTargetAreaPosY>210</ProductTargetAreaPosY>
      <WallAreaWidth>673</WallAreaWidth>
      <WallAreaHeight>611</WallAreaHeight>
      <WallAreaWidthInches>89</WallAreaWidthInches>
      <WallAreaHeightInches>81</WallAreaHeightInches>
      <InchesConversionRate>7.54</InchesConversionRate>
    </RoomImage>
    <RoomImage Name="EntryHall_011">
      <IsAngledRoom>True</IsAngledRoom>
      <RoomAngle>30</RoomAngle>
      <URL>images/dfle/1/LifeStyle1/EntryHall/EntryHall_011.jpg</URL>
      <ThumbnailURL>images/dfle/1/LifeStyle1/EntryHall/thmb_EntryHall_011.jpg</ThumbnailURL>
      <Width>673</Width>
      <Height>611</Height>
      <UsableAreaWidth>563</UsableAreaWidth>
      <UsableAreaHeight>369</UsableAreaHeight>
      <UsableAreaPosY>8</UsableAreaPosY>
      <UsableAreaPosX>53</UsableAreaPosX>
      <ProductTargetAreaPosY>222</ProductTargetAreaPosY>
      <WallAreaWidth>673</WallAreaWidth>
      <WallAreaHeight>611</WallAreaHeight>
      <WallAreaWidthInches>71</WallAreaWidthInches>
      <WallAreaHeightInches>64</WallAreaHeightInches>
      <InchesConversionRate>9.53</InchesConversionRate>
    </RoomImage>
    <RoomImage Name="EntryHall_012">
      <IsAngledRoom>True</IsAngledRoom>
      <RoomAngle>30</RoomAngle>
      <URL>images/dfle/1/LifeStyle1/EntryHall/EntryHall_012.jpg</URL>
      <ThumbnailURL>images/dfle/1/LifeStyle1/EntryHall/thmb_EntryHall_012.jpg</ThumbnailURL>
      <Width>462</Width>
      <Height>611</Height>
      <UsableAreaWidth>424</UsableAreaWidth>
      <UsableAreaHeight>231</UsableAreaHeight>
      <UsableAreaPosY>8</UsableAreaPosY>
      <UsableAreaPosX>134</UsableAreaPosX>
      <ProductTargetAreaPosY>170</ProductTargetAreaPosY>
      <WallAreaWidth>462</WallAreaWidth>
      <WallAreaHeight>538</WallAreaHeight>
      <WallAreaWidthInches>60</WallAreaWidthInches>
      <WallAreaHeightInches>70</WallAreaHeightInches>
      <InchesConversionRate>7.7</InchesConversionRate>
    </RoomImage>
  </RoomType>
  <RoomType Name="DiningRoom">
    <RoomImage Name="DiningRoom_01">
      <IsAngledRoom>True</IsAngledRoom>
      <RoomAngle>30</RoomAngle>
      <URL>images/dfle/1/LifeStyle1/Kitchen/DiningRoom_01.jpg</URL>
      <ThumbnailURL>images/dfle/1/LifeStyle1/Kitchen/thmb_DiningRoom_01.jpg</ThumbnailURL>
      <Width>673</Width>
      <Height>611</Height>
      <UsableAreaWidth>657</UsableAreaWidth>
      <UsableAreaHeight>312</UsableAreaHeight>
      <UsableAreaPosY>8</UsableAreaPosY>
      <UsableAreaPosX>8</UsableAreaPosX>
      <ProductTargetAreaPosY>157</ProductTargetAreaPosY>
      <WallAreaWidth>673</WallAreaWidth>
      <WallAreaHeight>611</WallAreaHeight>
      <WallAreaWidthInches>90.5</WallAreaWidthInches>
      <WallAreaHeightInches>82</WallAreaHeightInches>
      <InchesConversionRate>7.44</InchesConversionRate>
    </RoomImage>
    <RoomImage Name="DiningRoom_02">
      <IsAngledRoom>True</IsAngledRoom>
      <RoomAngle>30</RoomAngle>
      <URL>images/dfle/1/LifeStyle1/Kitchen/DiningRoom_02.jpg</URL>
      <ThumbnailURL>images/dfle/1/LifeStyle1/Kitchen/thmb_DiningRoom_02.jpg</ThumbnailURL>
      <Width>462</Width>
      <Height>611</Height>
      <UsableAreaWidth>308</UsableAreaWidth>
      <UsableAreaHeight>193</UsableAreaHeight>
      <UsableAreaPosY>62</UsableAreaPosY>
      <UsableAreaPosX>199</UsableAreaPosX>
      <ProductTargetAreaPosY>133</ProductTargetAreaPosY>
      <WallAreaWidth>330</WallAreaWidth>
      <WallAreaHeight>320</WallAreaHeight>
      <WallAreaWidthInches>74.3</WallAreaWidthInches>
      <WallAreaHeightInches>72</WallAreaHeightInches>
      <InchesConversionRate>4.44</InchesConversionRate>
    </RoomImage>
    <RoomImage Name="DiningRoom_03">
      <IsAngledRoom>True</IsAngledRoom>
      <RoomAngle>30</RoomAngle>
      <URL>images/dfle/1/LifeStyle1/Kitchen/DiningRoom_03.jpg</URL>
      <ThumbnailURL>images/dfle/1/LifeStyle1/Kitchen/thmb_DiningRoom_03.jpg</ThumbnailURL>
      <Width>673</Width>
      <Height>611</Height>
      <UsableAreaWidth>436</UsableAreaWidth>
      <UsableAreaHeight>357</UsableAreaHeight>
      <UsableAreaPosY>8</UsableAreaPosY>
      <UsableAreaPosX>139</UsableAreaPosX>
      <ProductTargetAreaPosY>227</ProductTargetAreaPosY>
      <WallAreaWidth>673</WallAreaWidth>
      <WallAreaHeight>499</WallAreaHeight>
      <WallAreaWidthInches>88</WallAreaWidthInches>
      <WallAreaHeightInches>65</WallAreaHeightInches>
      <InchesConversionRate>7.64</InchesConversionRate>
    </RoomImage>
    <RoomImage Name="DiningRoom_04">
      <IsAngledRoom>True</IsAngledRoom>
      <RoomAngle>30</RoomAngle>
      <URL>images/dfle/1/LifeStyle1/Kitchen/DiningRoom_04.jpg</URL>
      <ThumbnailURL>images/dfle/1/LifeStyle1/Kitchen/thmb_DiningRoom_04.jpg</ThumbnailURL>
      <Width>462</Width>
      <Height>611</Height>
      <UsableAreaWidth>446</UsableAreaWidth>
      <UsableAreaHeight>359</UsableAreaHeight>
      <UsableAreaPosY>8</UsableAreaPosY>
      <UsableAreaPosX>112</UsableAreaPosX>
      <ProductTargetAreaPosY>160</ProductTargetAreaPosY>
      <WallAreaWidth>462</WallAreaWidth>
      <WallAreaHeight>611</WallAreaHeight>
      <WallAreaWidthInches>63</WallAreaWidthInches>
      <WallAreaHeightInches>83</WallAreaHeightInches>
      <InchesConversionRate>7.33</InchesConversionRate>
    </RoomImage>
    <RoomImage Name="DiningRoom_05">
      <IsAngledRoom>True</IsAngledRoom>
      <RoomAngle>30</RoomAngle>
      <URL>images/dfle/1/LifeStyle1/Kitchen/DiningRoom_05.jpg</URL>
      <ThumbnailURL>images/dfle/1/LifeStyle1/Kitchen/thmb_DiningRoom_05.jpg</ThumbnailURL>
      <Width>462</Width>
      <Height>611</Height>
      <UsableAreaWidth>414</UsableAreaWidth>
      <UsableAreaHeight>303</UsableAreaHeight>
      <UsableAreaPosY>8</UsableAreaPosY>
      <UsableAreaPosX>134</UsableAreaPosX>
      <ProductTargetAreaPosY>242</ProductTargetAreaPosY>
      <WallAreaWidth>462</WallAreaWidth>
      <WallAreaHeight>611</WallAreaHeight>
      <WallAreaWidthInches>56</WallAreaWidthInches>
      <WallAreaHeightInches>74</WallAreaHeightInches>
      <InchesConversionRate>8.27</InchesConversionRate>
    </RoomImage>
    <RoomImage Name="DiningRoom_06">
      <IsAngledRoom>True</IsAngledRoom>
      <RoomAngle>30</RoomAngle>
      <URL>images/dfle/1/LifeStyle1/Kitchen/DiningRoom_06.jpg</URL>
      <ThumbnailURL>images/dfle/1/LifeStyle1/Kitchen/thmb_DiningRoom_06.jpg</ThumbnailURL>
      <Width>673</Width>
      <Height>611</Height>
      <UsableAreaWidth>655</UsableAreaWidth>
      <UsableAreaHeight>333</UsableAreaHeight>
      <UsableAreaPosY>8</UsableAreaPosY>
      <UsableAreaPosX>8</UsableAreaPosX>
      <ProductTargetAreaPosY>227</ProductTargetAreaPosY>
      <WallAreaWidth>673</WallAreaWidth>
      <WallAreaHeight>509</WallAreaHeight>
      <WallAreaWidthInches>103.5</WallAreaWidthInches>
      <WallAreaHeightInches>78</WallAreaHeightInches>
      <InchesConversionRate>6.5</InchesConversionRate>
    </RoomImage>
    <RoomImage Name="DiningRoom_07">
      <IsAngledRoom>True</IsAngledRoom>
      <RoomAngle>30</RoomAngle>
      <URL>images/dfle/1/LifeStyle1/Kitchen/DiningRoom_07.jpg</URL>
      <ThumbnailURL>images/dfle/1/LifeStyle1/Kitchen/thmb_DiningRoom_07.jpg</ThumbnailURL>
      <Width>462</Width>
      <Height>611</Height>
      <UsableAreaWidth>446</UsableAreaWidth>
      <UsableAreaHeight>338</UsableAreaHeight>
      <UsableAreaPosY>8</UsableAreaPosY>
      <UsableAreaPosX>113</UsableAreaPosX>
      <ProductTargetAreaPosY>199</ProductTargetAreaPosY>
      <WallAreaWidth>462</WallAreaWidth>
      <WallAreaHeight>611</WallAreaHeight>
      <WallAreaWidthInches>44.5</WallAreaWidthInches>
      <WallAreaHeightInches>59</WallAreaHeightInches>
      <InchesConversionRate>10.38</InchesConversionRate>
    </RoomImage>
    <RoomImage Name="DiningRoom_08">
      <IsAngledRoom>True</IsAngledRoom>
      <RoomAngle>30</RoomAngle>
      <URL>images/dfle/1/LifeStyle1/Kitchen/DiningRoom_08.jpg</URL>
      <ThumbnailURL>images/dfle/1/LifeStyle1/Kitchen/thmb_DiningRoom_08.jpg</ThumbnailURL>
      <Width>462</Width>
      <Height>611</Height>
      <UsableAreaWidth>445</UsableAreaWidth>
      <UsableAreaHeight>314</UsableAreaHeight>
      <UsableAreaPosY>8</UsableAreaPosY>
      <UsableAreaPosX>113</UsableAreaPosX>
      <ProductTargetAreaPosY>204</ProductTargetAreaPosY>
      <WallAreaWidth>462</WallAreaWidth>
      <WallAreaHeight>580</WallAreaHeight>
      <WallAreaWidthInches>79</WallAreaWidthInches>
      <WallAreaHeightInches>99</WallAreaHeightInches>
      <InchesConversionRate>5.85</InchesConversionRate>
    </RoomImage>
    <RoomImage Name="DiningRoom_09">
      <IsAngledRoom>True</IsAngledRoom>
      <RoomAngle>30</RoomAngle>
      <URL>images/dfle/1/LifeStyle1/Kitchen/DiningRoom_09.jpg</URL>
      <ThumbnailURL>images/dfle/1/LifeStyle1/Kitchen/thmb_DiningRoom_09.jpg</ThumbnailURL>
      <Width>462</Width>
      <Height>611</Height>
      <UsableAreaWidth>417</UsableAreaWidth>
      <UsableAreaHeight>292</UsableAreaHeight>
      <UsableAreaPosY>8</UsableAreaPosY>
      <UsableAreaPosX>143</UsableAreaPosX>
      <ProductTargetAreaPosY>149</ProductTargetAreaPosY>
      <WallAreaWidth>462</WallAreaWidth>
      <WallAreaHeight>595</WallAreaHeight>
      <WallAreaWidthInches>71</WallAreaWidthInches>
      <WallAreaHeightInches>91.5</WallAreaHeightInches>
      <InchesConversionRate>6.5</InchesConversionRate>
    </RoomImage>
    <RoomImage Name="DiningRoom_010">
      <IsAngledRoom>True</IsAngledRoom>
      <RoomAngle>30</RoomAngle>
      <URL>images/dfle/1/LifeStyle1/Kitchen/DiningRoom_010.jpg</URL>
      <ThumbnailURL>images/dfle/1/LifeStyle1/Kitchen/thmb_DiningRoom_010.jpg</ThumbnailURL>
      <Width>462</Width>
      <Height>611</Height>
      <UsableAreaWidth>414</UsableAreaWidth>
      <UsableAreaHeight>252</UsableAreaHeight>
      <UsableAreaPosY>8</UsableAreaPosY>
      <UsableAreaPosX>145</UsableAreaPosX>
      <ProductTargetAreaPosY>147</ProductTargetAreaPosY>
      <WallAreaWidth>462</WallAreaWidth>
      <WallAreaHeight>527</WallAreaHeight>
      <WallAreaWidthInches>80</WallAreaWidthInches>
      <WallAreaHeightInches>92</WallAreaHeightInches>
      <InchesConversionRate>5.75</InchesConversionRate>
    </RoomImage>
    <RoomImage Name="DiningRoom_011">
      <IsAngledRoom>True</IsAngledRoom>
      <RoomAngle>30</RoomAngle>
      <URL>images/dfle/1/LifeStyle1/Kitchen/DiningRoom_011.jpg</URL>
      <ThumbnailURL>images/dfle/1/LifeStyle1/Kitchen/thmb_DiningRoom_011.jpg</ThumbnailURL>
      <Width>673</Width>
      <Height>611</Height>
      <UsableAreaWidth>516</UsableAreaWidth>
      <UsableAreaHeight>285</UsableAreaHeight>
      <UsableAreaPosY>8</UsableAreaPosY>
      <UsableAreaPosX>82</UsableAreaPosX>
      <ProductTargetAreaPosY>197</ProductTargetAreaPosY>
      <WallAreaWidth>673</WallAreaWidth>
      <WallAreaHeight>603</WallAreaHeight>
      <WallAreaWidthInches>90</WallAreaWidthInches>
      <WallAreaHeightInches>81</WallAreaHeightInches>
      <InchesConversionRate>7.45</InchesConversionRate>
    </RoomImage>
  </RoomType>
  <RoomType Name="KidsRoom">
      <RoomImage Name="KidsRoom_01">
        <IsAngledRoom>True</IsAngledRoom>
        <RoomAngle>30</RoomAngle>
        <URL>images/dfle/1/LifeStyle1/KidsRoom/KidsRoom_01.jpg</URL>
        <ThumbnailURL>images/dfle/1/LifeStyle1/KidsRoom/thmb_KidsRoom_01.jpg</ThumbnailURL>
        <Width>673</Width>
        <Height>611</Height>
        <UsableAreaWidth>344</UsableAreaWidth>
        <UsableAreaHeight>276</UsableAreaHeight>
        <UsableAreaPosY>8</UsableAreaPosY>
        <UsableAreaPosX>79</UsableAreaPosX>
        <ProductTargetAreaPosY>202</ProductTargetAreaPosY>
        <WallAreaWidth>673</WallAreaWidth>
        <WallAreaHeight>480</WallAreaHeight>
        <WallAreaWidthInches>111</WallAreaWidthInches>
        <WallAreaHeightInches>79</WallAreaHeightInches>
        <InchesConversionRate>6.05</InchesConversionRate>
      </RoomImage>
      <RoomImage Name="KidsRoom_02">
        <IsAngledRoom>True</IsAngledRoom>
        <RoomAngle>30</RoomAngle>
        <URL>images/dfle/1/LifeStyle1/KidsRoom/KidsRoom_02.jpg</URL>
        <ThumbnailURL>images/dfle/1/LifeStyle1/KidsRoom/thmb_KidsRoom_02.jpg</ThumbnailURL>
        <Width>673</Width>
        <Height>611</Height>
        <UsableAreaWidth>460</UsableAreaWidth>
        <UsableAreaHeight>302</UsableAreaHeight>
        <UsableAreaPosY>8</UsableAreaPosY>
        <UsableAreaPosX>116</UsableAreaPosX>
        <ProductTargetAreaPosY>144</ProductTargetAreaPosY>
        <WallAreaWidth>673</WallAreaWidth>
        <WallAreaHeight>484</WallAreaHeight>
        <WallAreaWidthInches>100</WallAreaWidthInches>
        <WallAreaHeightInches>72</WallAreaHeightInches>
        <InchesConversionRate>6.72</InchesConversionRate>
      </RoomImage>
      <RoomImage Name="KidsRoom_03">
        <IsAngledRoom>True</IsAngledRoom>
        <RoomAngle>30</RoomAngle>
        <URL>images/dfle/1/LifeStyle1/KidsRoom/KidsRoom_03.jpg</URL>
        <ThumbnailURL>images/dfle/1/LifeStyle1/KidsRoom/thmb_KidsRoom_03.jpg</ThumbnailURL>
        <Width>462</Width>
        <Height>611</Height>
        <UsableAreaWidth>446</UsableAreaWidth>
        <UsableAreaHeight>346</UsableAreaHeight>
        <UsableAreaPosY>8</UsableAreaPosY>
        <UsableAreaPosX>112</UsableAreaPosX>
        <ProductTargetAreaPosY>174</ProductTargetAreaPosY>
        <WallAreaWidth>462</WallAreaWidth>
        <WallAreaHeight>611</WallAreaHeight>
        <WallAreaWidthInches>49</WallAreaWidthInches>
        <WallAreaHeightInches>64</WallAreaHeightInches>
        <InchesConversionRate>9.5</InchesConversionRate>
      </RoomImage>
    </RoomType>
  <RoomType Name="BathRoom">
      <RoomImage Name="BathRoom_01">
        <IsAngledRoom>True</IsAngledRoom>
        <RoomAngle>30</RoomAngle>
        <URL>images/dfle/1/LifeStyle1/Bathroom/Bathroom_01.jpg</URL>
        <ThumbnailURL>images/dfle/1/LifeStyle1/Bathroom/thmb_Bathroom_01.jpg</ThumbnailURL>
        <Width>673</Width>
        <Height>611</Height>
        <UsableAreaWidth>472</UsableAreaWidth>
        <UsableAreaHeight>421</UsableAreaHeight>
        <UsableAreaPosY>8</UsableAreaPosY>
        <UsableAreaPosX>107</UsableAreaPosX>
        <ProductTargetAreaPosY>211</ProductTargetAreaPosY>
        <WallAreaWidth>632</WallAreaWidth>
        <WallAreaHeight>573</WallAreaHeight>
        <WallAreaWidthInches>62.5</WallAreaWidthInches>
        <WallAreaHeightInches>57</WallAreaHeightInches>
        <InchesConversionRate>10.11</InchesConversionRate>
      </RoomImage>
      <RoomImage Name="BathRoom_02">
        <IsAngledRoom>True</IsAngledRoom>
        <RoomAngle>30</RoomAngle>
        <URL>images/dfle/1/LifeStyle1/Bathroom/Bathroom_02.jpg</URL>
        <ThumbnailURL>images/dfle/1/LifeStyle1/Bathroom/thmb_Bathroom_02.jpg</ThumbnailURL>
        <Width>673</Width>
        <Height>611</Height>
        <UsableAreaWidth>657</UsableAreaWidth>
        <UsableAreaHeight>357</UsableAreaHeight>
        <UsableAreaPosY>8</UsableAreaPosY>
        <UsableAreaPosX>8</UsableAreaPosX>
        <ProductTargetAreaPosY>219</ProductTargetAreaPosY>
        <WallAreaWidth>673</WallAreaWidth>
        <WallAreaHeight>503</WallAreaHeight>
        <WallAreaWidthInches>121</WallAreaWidthInches>
        <WallAreaHeightInches>94</WallAreaHeightInches>
        <InchesConversionRate>5.33</InchesConversionRate>
      </RoomImage>
      <RoomImage Name="BathRoom_03">
        <IsAngledRoom>True</IsAngledRoom>
        <RoomAngle>30</RoomAngle>
        <URL>images/dfle/1/LifeStyle1/Bathroom/Bathroom_03.jpg</URL>
        <ThumbnailURL>images/dfle/1/LifeStyle1/Bathroom/thmb_Bathroom_03.jpg</ThumbnailURL>
        <Width>673</Width>
        <Height>611</Height>
        <UsableAreaWidth>447</UsableAreaWidth>
        <UsableAreaHeight>265</UsableAreaHeight>
        <UsableAreaPosY>62</UsableAreaPosY>
        <UsableAreaPosX>112</UsableAreaPosX>
        <ProductTargetAreaPosY>219</ProductTargetAreaPosY>
        <WallAreaWidth>673</WallAreaWidth>
        <WallAreaHeight>531</WallAreaHeight>
        <WallAreaWidthInches>106</WallAreaWidthInches>
        <WallAreaHeightInches>84</WallAreaHeightInches>
        <InchesConversionRate>6.31</InchesConversionRate>
      </RoomImage>

    </RoomType>
</RoomImages>