{
	"root": "../www"
,	"dev": {
		"url": "/"
	}
,	"typeProps" : {
		"js" : {
			"firsts" : [										// Optional - filenames / patterns (identified by first two characters "=~") to be sorted first in build (takes precedence over "lasts").
				"=~^at_set"
			,	"CONST.js"
			,	"EVENT.js"
			]
		, 	"lasts" : [											// Optional - filenames / patterns (identified by first tow characters "=~") to be sorted last in build
				"=~^at_unset"
			]
		}
	,	"html": {
			"dev_include": "<!--#include virtual=\"..-CONTENT-\" -->"
		}
	}
}
